marketId: 13, marketName: C791:US, asin: B081TNYZGG, productName: Razor Bump and Ingrown Hairs Serum - After Shave Solution Roll-On for Ingrown Hairs, Razor Burns and Razor Bumps for Men and Women (100g), avgSevenPs: 59.9, fbaQuantity: 276, days: 4.607679465776294 
total: 3145, page: 2, pagesize: 20, checked: 40 
total: 3145, page: 1, pagesize: 20, checked: 20 
total: 3145, page: 3, pagesize: 20, checked: 60 
total: 3145, page: 4, pagesize: 20, checked: 80 
total: 3145, page: 5, pagesize: 20, checked: 100 
total: 3145, page: 6, pagesize: 20, checked: 120 
marketId: 14, marketName: PL074:US, asin: B08X1LYJW4, productName: Anti-Aging Rapid Reduction Eye Cream Visibly Reduce Under- Eye Bags, Wrinkles, Dark Circles, Fine Lines & Crow's Feet Instantly 2 minutes, avgSevenPs: 13.7, fbaQuantity: 73, days: 5.328467153284672 
marketId: 48, marketName: C810:CA, asin: B09969CLLB, productName: Lumanere Razor Bumps Solution for 2 Pack Ingrown Hair and Razor Burns, Hair Inhibitor After Shave Repair Serum for Bikini Area, Face, Armpit, Legs for Men and Women 100g, avgSevenPs: 7, fbaQuantity: 59, days: 8.428571428571429 
total: 3145, page: 7, pagesize: 20, checked: 140 
total: 3145, page: 8, pagesize: 20, checked: 160 
total: 3145, page: 9, pagesize: 20, checked: 180 
total: 3145, page: 10, pagesize: 20, checked: 200 
marketId: 6, marketName: T014:AU, asin: B07NDN3R9P, productName: Natural Eyelash Growth Serum and Brow Enhancer to Grow Thicker, Longer Lashes for Long, Luscious Lashes and Eyebrows[3ml], avgSevenPs: 3.6, fbaQuantity: 11, days: 3.0555555555555554 
marketId: 215, marketName: TC03 (US+ CA):US, asin: B08XY8F54X, productName: Eyebrow Lamination Kit,Eyebrow Lift Kit,At Home DIY Perm For Your Brows,Instant Professional Lift For Fuller Eyebrows,Brow Brush And Micro Brushes Included,Professional Grade & Easy for Beginners, avgSevenPs: 14.7, fbaQuantity: 138, days: 9.387755102040817 
total: 3145, page: 11, pagesize: 20, checked: 220 
marketId: 96, marketName: T005:CA, asin: B09C41RBVG, productName: Natural Vine Underarm Cream, Dark Spot Cream, Instant Result, Brighten & Moisturizes Armpit, Neck, Knees, Private Parts(60ML), avgSevenPs: 12.4, fbaQuantity: 47, days: 3.790322580645161 
total: 3145, page: 12, pagesize: 20, checked: 240 
total: 3145, page: 13, pagesize: 20, checked: 260 
total: 3145, page: 14, pagesize: 20, checked: 280 
total: 3145, page: 15, pagesize: 20, checked: 300 
marketId: 205, marketName: EU15:UK, asin: B091FZHF29, productName: Silicone Scar Gel 30g Scar Cream,Scar Removal,Scar Treatment, Scar Removal Cream for C-Section, Stretch Marks, Acne, Surgery, Effective for Both Old and New Scars, avgSevenPs: 42.3, fbaQuantity: 247, days: 5.839243498817967 
total: 3145, page: 16, pagesize: 20, checked: 320 
total: 3145, page: 17, pagesize: 20, checked: 340 
total: 3145, page: 18, pagesize: 20, checked: 360 
total: 3145, page: 19, pagesize: 20, checked: 380 
marketId: 28, marketName: YEF01:US, asin: B08VFBWL2Z, productName: Luv Me Care Biotin Hair Growth Oil Hair Growth Serum for Thicker Longer Fuller Healthier Hair, Prevent Hair Loss & Thinning, All Natural Vitamin Rich Treatment, Women & Men, All Hair Types 1.7 oz, avgSevenPs: 149.7, fbaQuantity: 1270, days: 8.483633934535739 
total: 3145, page: 20, pagesize: 20, checked: 400 
marketId: 28, marketName: YEF01:US, asin: B09236Z2PF, productName: REALPETALED Indoor Herb Garden 10 Non-GMO Herbs– Complete Kitchen Herb Garden with 10 Reusable Pots, Drip Trays, Soil Discs and Seed Packets, avgSevenPs: 7.9, fbaQuantity: 51, days: 6.455696202531645 
total: 3145, page: 21, pagesize: 20, checked: 420 
total: 3145, page: 22, pagesize: 20, checked: 440 
marketId: 98, marketName: B17:US, asin: B09R9336BK, productName: Rice Water Hair Growth Treatment Leave-in Scalp Spray Infused with Biotin Caffeine for Thinning Hair and Hair Loss - with Castor Oil Rosemary Oil, Hair Growth and Enhancer 1.7 Fl. oz, avgSevenPs: 132.6, fbaQuantity: 192, days: 1.4479638009049773 
total: 3145, page: 23, pagesize: 20, checked: 460 
total: 3145, page: 24, pagesize: 20, checked: 480 
total: 3145, page: 25, pagesize: 20, checked: 500 
total: 3145, page: 26, pagesize: 20, checked: 520 
marketId: 60, marketName: C786 (US , CA ):US, asin: B09BZYVM27, productName: Aroamas Scar Advanced Scar Gel - Medical-Grade Silicone Scar Gel for Surgical Scars, for Face, Scar gel with silicone for Keloids, C-Section, Cosmetic Procedures, Burns, Injuries - 45g, avgSevenPs: 40.1, fbaQuantity: 66, days: 1.6458852867830422 
total: 3145, page: 27, pagesize: 20, checked: 540 
total: 3145, page: 28, pagesize: 20, checked: 560 
marketId: 103, marketName: V36:US, asin: B09QD6LCRY, productName: DreamToyz Ring Toss Games for Adults, Ring Toss Game, Outdoor Indoor Handmade Wooden Hooks Fast-paced Interactive Game for Bars, Home, Party, 15.7" X 13" Large Size, Brown, avgSevenPs: 66.7, fbaQuantity: 145, days: 2.1739130434782608 
total: 3145, page: 29, pagesize: 20, checked: 580 
marketId: 115, marketName: V39:CA, asin: B0992W257W, productName: LUXROS Eyebrow Serum, Eyebrow Enhancer Serum, Eyebrow Boost Serum for Longer, Thicker Healthier Brows, Made in USA, 5ml 6 Month Supply, avgSevenPs: 11.3, fbaQuantity: 62, days: 5.486725663716814 
total: 3145, page: 30, pagesize: 20, checked: 600 
marketId: 117, marketName: V31:CA, asin: B09QZ53HX1, productName: Anti Snoring Devices - Silicone Magnetic Anti Snoring Nose Clip, Snoring Solution - Comfortable and Effective to Stop Snoring 4 Pcs, avgSevenPs: 6.3, fbaQuantity: 35, days: 5.555555555555555 
total: 3145, page: 31, pagesize: 20, checked: 620 
total: 3145, page: 32, pagesize: 20, checked: 640 
total: 3145, page: 33, pagesize: 20, checked: 660 
total: 3145, page: 34, pagesize: 20, checked: 680 
total: 3145, page: 35, pagesize: 20, checked: 700 
total: 3145, page: 36, pagesize: 20, checked: 720 
marketId: 40, marketName: OH01:US, asin: B09QD5PC8Y, productName: DreamToyz Ring Toss Game, Ring Toss with Shot Ladder, Fun Hook and Ring Game, Handmade Wooden Interactive Game for Home, Party, Him & Her, Brown, avgSevenPs: 59.7, fbaQuantity: 173, days: 2.8978224455611388 
total: 3145, page: 37, pagesize: 20, checked: 740 
marketId: 38, marketName: PL086:US, asin: B09K4Q51SD, productName: Aroamas Scar Silicone Scar Sheets Silicone Scar Tape 1.6x60" for Softening and Flattening Scars, C-Section, Keloid Surgery, Painless Removal, Reusable, Washable, 6-8 Month Supply, avgSevenPs: 2.6, fbaQuantity: 1, days: 0.3846153846153846 
total: 3145, page: 38, pagesize: 20, checked: 760 
total: 3145, page: 39, pagesize: 20, checked: 780 
total: 3145, page: 40, pagesize: 20, checked: 800 
total: 3145, page: 41, pagesize: 20, checked: 820 
total: 3145, page: 42, pagesize: 20, checked: 840 
total: 3145, page: 43, pagesize: 20, checked: 860 
total: 3145, page: 44, pagesize: 20, checked: 880 
total: 3145, page: 45, pagesize: 20, checked: 900 
total: 3145, page: 46, pagesize: 20, checked: 920 
total: 3145, page: 47, pagesize: 20, checked: 940 
total: 3145, page: 48, pagesize: 20, checked: 960 
total: 3145, page: 49, pagesize: 20, checked: 980 
total: 3145, page: 50, pagesize: 20, checked: 1000 
total: 3145, page: 51, pagesize: 20, checked: 1020 
total: 3145, page: 52, pagesize: 20, checked: 1040 
total: 3145, page: 53, pagesize: 20, checked: 1060 
total: 3145, page: 54, pagesize: 20, checked: 1080 
total: 3145, page: 55, pagesize: 20, checked: 1100 
total: 3145, page: 56, pagesize: 20, checked: 1120 
marketId: 96, marketName: T005:CA, asin: B09RG7HPRZ, productName: Natural Vine Hair Oil for Thicker, Longer, Stronger Hair(1.7 FL OZ), avgSevenPs: 12.4, fbaQuantity: 96, days: 7.741935483870967 
total: 3145, page: 57, pagesize: 20, checked: 1140 
marketId: 148, marketName: NSH03:US, asin: B09JCPVC7H, productName: Neenoxtub 4D Silk Fiber Lash Mascara, Lengthening and Thick, Long Lasting, Waterproof & Smudge-Proof, Hypoallergenic Formula 2 Pack Black, avgSevenPs: 69.6, fbaQuantity: 620, days: 8.908045977011495 
total: 3145, page: 58, pagesize: 20, checked: 1160 
total: 3145, page: 59, pagesize: 20, checked: 1180 
total: 3145, page: 60, pagesize: 20, checked: 1200 
marketId: 31, marketName: V28:US, asin: B0B1W4D4C3, productName: Natural Heals Mosquito Patch Stickers for Kids(72 pcs), Plant Based Natural Ingredients, Non-Toxic DEET Free Citronella Essential Oil Insect Patches for Toddlers, Babies, Children, avgSevenPs: 32.1, fbaQuantity: 207, days: 6.4485981308411215 
marketId: 8, marketName: F18:US, asin: B09YVN2JJ6, productName: AYASAL Heated Eyelash Curlers, 3 Temperature Modes Heated Eyelash Curler, 48 Hours Long Lasting, Premium Heated Eyelash Curler for Women, Clip-Type Electric Rechargeable Heated Eyelash Curler., avgSevenPs: 42.7, fbaQuantity: 175, days: 4.098360655737705 
total: 3145, page: 61, pagesize: 20, checked: 1220 
total: 3145, page: 62, pagesize: 20, checked: 1240 
marketId: 158, marketName: V63:US, asin: B09BNX7DB6, productName: SUPTRUST Recovery Shoulder Brace for Men and Women, Shoulder Stability Support Brace, Adjustable Fit Sleeve Wrap, Relief for Shoulder Injuries and Tendonitis, One Size Regular, avgSevenPs: 79.7, fbaQuantity: 345, days: 4.328732747804266 
total: 3145, page: 63, pagesize: 20, checked: 1260 
marketId: 14, marketName: PL074:US, asin: B091FZHF29, productName: Scar Gel silicone scar gel from C-Section, Stretch Marks, Acne, Surgery, Effective for both Old and New Scars, avgSevenPs: 45.7, fbaQuantity: 20, days: 0.437636761487965 
total: 3145, page: 64, pagesize: 20, checked: 1280 
marketId: 147, marketName: V60:US, asin: B0B52JN3NX, productName: Laniege Lip Sleeping Mask Peach, Lip Collagen Treatment Balm, Hydrate, Moisturize, Nourish and Visibly Plump Lips with Collagen + Coconut Oil + Green Tea Extract, 0.45 oz., avgSevenPs: 17, fbaQuantity: 141, days: 8.294117647058824 
marketId: 3, marketName: PL085:US, asin: B08R7NLL3R, productName: AidallsWellup Men’s 5-in-1 Electric Head Shaver for Bald Men - Head Shaver for Men - Anti-Pinch - Ergonomic Design - Cordless and Rechargeable., avgSevenPs: 122.4, fbaQuantity: 440, days: 3.594771241830065 
total: 3145, page: 65, pagesize: 20, checked: 1300 
marketId: 82, marketName: C01 ca us:CA, asin: B0B4BJHWVS, productName: 100% silicone scar gel Scar Cream Use on Old and New Scars - Face and Body for Women and Men, avgSevenPs: 33.7, fbaQuantity: 267, days: 7.922848664688426 
total: 3145, page: 66, pagesize: 20, checked: 1320 
total: 3145, page: 67, pagesize: 20, checked: 1340 
total: 3145, page: 68, pagesize: 20, checked: 1360 
total: 3145, page: 69, pagesize: 20, checked: 1380 
total: 3145, page: 70, pagesize: 20, checked: 1400 
total: 3145, page: 71, pagesize: 20, checked: 1420 
marketId: 4, marketName: T014:US, asin: B07NMSG5YD, productName: Silksence Lash Lift Kit, Eyelash Perm Kit,Professional Semi-Permanent Curling Perming Wave Suitable for Salon, avgSevenPs: 44, fbaQuantity: 312, days: 7.090909090909091 
total: 3145, page: 72, pagesize: 20, checked: 1440 
marketId: 54, marketName: V35:CA, asin: B09ZYS9K9J, productName: Teeth Whitening Pen, Use Twice a Day for Visibly Whiter Teeth in 1 Week, 4 Pens, 70+ Uses, 1 Month Supply, avgSevenPs: 30.3, fbaQuantity: 281, days: 9.273927392739274 
total: 3145, page: 73, pagesize: 20, checked: 1460 
total: 3145, page: 74, pagesize: 20, checked: 1480 
total: 3145, page: 75, pagesize: 20, checked: 1500 
total: 3145, page: 76, pagesize: 20, checked: 1520 
total: 3145, page: 77, pagesize: 20, checked: 1540 
total: 3145, page: 78, pagesize: 20, checked: 1560 
marketId: 174, marketName: C765:CA, asin: B0B7888GSH, productName: Hair Oil by VigorWell for Stronger, Thicker, Longer Hair 50mL 1.7 oz (1 pack), avgSevenPs: 6.4, fbaQuantity: 13, days: 2.03125 
total: 3145, page: 79, pagesize: 20, checked: 1580 
marketId: 31, marketName: V28:US, asin: B0B7297JLC, productName: Nail Fungus Treatment for Toenail, Toenail Fungus Treatment, Toe Nail Fungus Treatment Extra Strength, Nail Restoring Solution for Discolored and Damaged Fingernail and Toenail, avgSevenPs: 37.9, fbaQuantity: 180, days: 4.74934036939314 
total: 3145, page: 80, pagesize: 20, checked: 1600 
total: 3145, page: 81, pagesize: 20, checked: 1620 
marketId: 160, marketName: T010:CA, asin: B09KJ654BG, productName: Quit Smoking Aid-Step 2,Stop Smoking Patches - Delivered Over 24 Hours Transdermal System to Stop Smoking Aids That Work（Step 2-14mg per Patch), avgSevenPs: 1.7, fbaQuantity: 11, days: 6.470588235294118 
total: 3145, page: 82, pagesize: 20, checked: 1640 
total: 3145, page: 83, pagesize: 20, checked: 1660 
total: 3145, page: 84, pagesize: 20, checked: 1680 
total: 3145, page: 85, pagesize: 20, checked: 1700 
marketId: 187, marketName: V25:US, asin: B0B75WC9KP, productName: Advanced Gel Acne Scar Spot Treatment for Face, Retinol, Allantoin, Vitamin E, Betaine - Resurfacing Scar Gel, Gentle Skin Care for Acne Prone Skin, 0.5 OZ, avgSevenPs: 11.1, fbaQuantity: 84, days: 7.5675675675675675 
total: 3145, page: 86, pagesize: 20, checked: 1720 
total: 3145, page: 87, pagesize: 20, checked: 1740 
total: 3145, page: 88, pagesize: 20, checked: 1760 
marketId: 147, marketName: V60:US, asin: B0B7P1KWLH, productName: Vegnclever Hair Growth Serum - 100% Vegan Intensive Hair Gro Serum - Natural Hair Loss and Regrowth Treatment for Women & Men, Hair Thickening Products for Fuller-looking, Thicker and Healthier Hair, 50ML, avgSevenPs: 46, fbaQuantity: 426, days: 9.26086956521739 
total: 3145, page: 89, pagesize: 20, checked: 1780 
total: 3145, page: 90, pagesize: 20, checked: 1800 
marketId: 2, marketName: GA02:CA, asin: B09RG7HPRZ, productName: Natural Vine Hair Oil for Thicker, Longer, Stronger Hair(1.7 FL OZ), avgSevenPs: 8.7, fbaQuantity: 12, days: 1.3793103448275863 
marketId: 183, marketName: B24:US, asin: B0B88RMHG2, productName: Chest Wrinkle Pads - Reusable & Washable Silicone Patches for Wrinkles – Comfortable Decollete Anti Wrinkle Chest Pads to Remove Chest Wrinkles - Skin Firming Chest Wrinkle Patches 1 Count, avgSevenPs: 8.1, fbaQuantity: 67, days: 8.271604938271606 
total: 3145, page: 91, pagesize: 20, checked: 1820 
total: 3145, page: 92, pagesize: 20, checked: 1840 
marketId: 29, marketName: F40:US, asin: B0B9HMSMGX, productName: AidallsWellup Replacement Head For Men's 5-in-1 Electric Head Shaver, 6 Blade Replacement Head for AidallsWellup., avgSevenPs: 9, fbaQuantity: 70, days: 7.777777777777778 
total: 3145, page: 93, pagesize: 20, checked: 1860 
total: 3145, page: 94, pagesize: 20, checked: 1880 
marketId: 132, marketName: H07:US, asin: B0B6TVM3W8, productName: NOVAPHOLIA Double Chin Reducer, Face Lift Chin Mask For Double Chin Eliminator, Face Slimmer V Line Lifting Mask, Chin Strap For Double Chin For Women, 5 Pcs V Shaped Slimming Face Mask Chin Mask Lift, avgSevenPs: 10, fbaQuantity: 86, days: 8.6 
total: 3145, page: 95, pagesize: 20, checked: 1900 
total: 3145, page: 96, pagesize: 20, checked: 1920 
marketId: 76, marketName: H13:US, asin: B09Y3VPC99, productName: Rosetra Face Tape For Wrinkles, Set of 160 Pcs Facial Wrinkle Remover Strips, Forehead Wrinkle Patches, Anti Wrinkle Patches For Reducing Forehead Eye And Around Mouth & Upper Lip Wrinkles, All In One Forehead Wrinkles Treatment, avgSevenPs: 51.1, fbaQuantity: 301, days: 5.890410958904109 
marketId: 227, marketName: R24:US, asin: B09RZSB3B5, productName: Irreshine Lip Plumper Set - Natural Lip Plumping and Lip Care, Day & Night Serum, Softer Bigger Fuller Lips, Lip Plumping Lip Gloss, Hydrating and Reduce Fine Lines, No Chapped Lips, avgSevenPs: 15.7, fbaQuantity: 91, days: 5.796178343949045 
total: 3145, page: 97, pagesize: 20, checked: 1940 
total: 3145, page: 98, pagesize: 20, checked: 1960 
total: 3145, page: 99, pagesize: 20, checked: 1980 
marketId: 141, marketName: F56:US, asin: B0B9V2J168, productName: Motion Sickness Patches, Effective for Motion Sickness, Sea Sickness and Morning Sickness Relief, Better Than Motion Sickness Bands and Motion Sickness Glasses, Nausea Relief, Cruise Essentials., avgSevenPs: 44.1, fbaQuantity: 318, days: 7.210884353741497 
marketId: 195, marketName: H14:US, asin: B0B8MS7K3G, productName: AOSORW Pain Relief Patches 24 Count, Knee Shoulder Neck Heat Patches for Pain Relief, Natural Hot Herbal Ingredients Plaster Pain Relieving Paste Patch, Long Lasting Relief of Muscle Joint Pains, avgSevenPs: 47, fbaQuantity: 5, days: 0.10638297872340426 
total: 3145, page: 100, pagesize: 20, checked: 2000 
marketId: 124, marketName: C638:US, asin: B0BBJCFRVX, productName: Varicose Veins Treatment for Legs, Varicose Veins Cream, Spider Vein Treatment for Legs, Varicose Veins Cream for Pain Relief 2 Oz, avgSevenPs: 30.3, fbaQuantity: 23, days: 0.759075907590759 
total: 3145, page: 101, pagesize: 20, checked: 2020 
marketId: 31, marketName: V28:US, asin: B0B8P1XBP8, productName: REALPETALED Bonsai Starter Kit – Japanese Bonsai Tree Kit with Bonsai Tools, 7 Bonsai Tree Seeds, Pots – Complete Grow Your Own Bonsai Tree Live Kit – Plant Lover Gifts Home Gifts for Men and Women, avgSevenPs: 14.3, fbaQuantity: 70, days: 4.895104895104895 
total: 3145, page: 102, pagesize: 20, checked: 2040 
marketId: 146, marketName: YEF03:US, asin: B09BTQDFLD, productName: EssyNaturals Eyelash and Brow Growth Serum Irritation Free Formula, 3 Months Supply (3ml), avgSevenPs: 105.9, fbaQuantity: 673, days: 6.355051935788479 
total: 3145, page: 103, pagesize: 20, checked: 2060 
marketId: 8, marketName: F18:US, asin: B08M2HRV2W, productName: AYASAL Eyelash Perm Kit, Long-Lasting Curl, Home & Professional Use, Lash Lift Kit & Safe Perming Wave, Semi-Permanent Curling, Professional Quality., avgSevenPs: 283.6, fbaQuantity: 1600, days: 5.641748942172073 
total: 3145, page: 104, pagesize: 20, checked: 2080 
total: 3145, page: 105, pagesize: 20, checked: 2100 
marketId: 228, marketName: F05:US, asin: B0B5VW3MLD, productName: Snore Stopper - Anti Snoring Devices - Anti Snoring Nose Clip - Stop Snoring Hale Breathing Aid - Silicone Magnetic Snore Stopper - Stop Snoring Immediately - Snoring Solution 4 Pcs, avgSevenPs: 26.4, fbaQuantity: 147, days: 5.568181818181818 
total: 3145, page: 106, pagesize: 20, checked: 2120 
marketId: 52, marketName: B06:US, asin: B0B2KPMF7D, productName: Face and Forehead Wrinkle Patches,160 PCs Face Lift Tape Invisible Patch for Wrinkles, Facial Wrinkle Remover Strips, Skincare Pads to Smooth Eye, Mouth, Forehead, All in One Wrinkle Treatment Face Tape, avgSevenPs: 52, fbaQuantity: 118, days: 2.269230769230769 
total: 3145, page: 107, pagesize: 20, checked: 2140 
total: 3145, page: 108, pagesize: 20, checked: 2160 
marketId: 78, marketName: V53:US, asin: B0B44STXYX, productName: Varicose Veins Cream, Varicose Veins Treatment for Legs, Spider Vein Treatment for Legs, Natural Soothing Leg Varicose & Spider Veins Treatment Cream, Varicose Veins Cream for Pain Relief 2 Oz, avgSevenPs: 29.4, fbaQuantity: 285, days: 9.693877551020408 
total: 3145, page: 109, pagesize: 20, checked: 2180 
total: 3145, page: 110, pagesize: 20, checked: 2200 
total: 3145, page: 111, pagesize: 20, checked: 2220 
marketId: 227, marketName: R24:US, asin: B0B3Y4QZPK, productName: Body Wax Strips 64 Counts Large Size for Face Legs Underarms Brazilian Bikini Women, 7.1 * 3.5 Inches, Wax Hair Removal Strips with Natural Formula, avgSevenPs: 47.4, fbaQuantity: 167, days: 3.5232067510548526 
total: 3145, page: 112, pagesize: 20, checked: 2240 
marketId: 138, marketName: V26:US, asin: B0B9T9QPPL, productName: Teeth Whitening Pen, Teeth Stain Remover Treatment to Whiten and Brighten Teeth with Power Tooth Whitening Gel - No Sensitivity, Brighter Smile, Natural Mint Flavor - 4 Pens, avgSevenPs: 23.4, fbaQuantity: 227, days: 9.700854700854702 
total: 3145, page: 113, pagesize: 20, checked: 2260 
marketId: 210, marketName: V74-C445:US, asin: B0BBYX4KJ4, productName: Molluscum Contagiosum kit, Molluscum Contagiosum Solution & Tea Tree Oil Body Wash for Children and Adults, avgSevenPs: 31, fbaQuantity: 144, days: 4.645161290322581 
marketId: 35, marketName: V43:US, asin: B0B2M1P5NY, productName: Lanmeri Vegan Hair Growth Serum - Natural Hair Regrowth and Hair Loss Treatments for Women & Men - Scalp Serum for Thinning Hair and Hair Loss - Fuller-looking, Thicker and Healthier Hair in 90 Days, All Hair Types, avgSevenPs: 69.4, fbaQuantity: 110, days: 1.5850144092219018 
total: 3145, page: 114, pagesize: 20, checked: 2280 
marketId: 33, marketName: A28:US, asin: B0B4TD4V1Z, productName: Dark Spot Remover for Face and Body, Dark Spot Serum, Melasma treatment for face, Freckle Remover, hyperpigmentation treatment, Blemish Spot Treatment, for All Skin Types, avgSevenPs: 99.6, fbaQuantity: 447, days: 4.4879518072289155 
total: 3145, page: 115, pagesize: 20, checked: 2300 
marketId: 152, marketName: B27:US, asin: B0B3LMNJVB, productName: ViYay Anti stertentis Fabrica, snoring Solution, Extra Strength Anti stertentium Solution for Men, Women, avgSevenPs: 45, fbaQuantity: 37, days: 0.8222222222222222 
total: 3145, page: 116, pagesize: 20, checked: 2320 
marketId: 152, marketName: B27:US, asin: B0BBYDTDFX, productName: Crystal Hair Eraser for Hair Removal, Crystal Hair Remover for Men and Women, Magic Crystal Hair Remover with Gentle Skin Exfoliation – Easy to Use, Works On All Body Parts (Pink), avgSevenPs: 21.1, fbaQuantity: 136, days: 6.4454976303317535 
total: 3145, page: 117, pagesize: 20, checked: 2340 
total: 3145, page: 118, pagesize: 20, checked: 2360 
total: 3145, page: 119, pagesize: 20, checked: 2380 
total: 3145, page: 120, pagesize: 20, checked: 2400 
total: 3145, page: 121, pagesize: 20, checked: 2420 
total: 3145, page: 122, pagesize: 20, checked: 2440 
total: 3145, page: 123, pagesize: 20, checked: 2460 
marketId: 21, marketName: R11:US, asin: B0BD65DFFM, productName: Sensitive Eyelash Extension Glue, Ultra-Low Fume Eyelash Glue, 7-9 Weeks Retention, Professional Use Only Eyelash Extension Glue for Semi-Permanent Eyelash Extensions /5ml, avgSevenPs: 11.1, fbaQuantity: 29, days: 2.6126126126126126 
marketId: 51, marketName: B03:US, asin: B0BCKYQS3J, productName: Neck Cream, Skin Tightening Cream, Neck Firming Cream Improves Skin Elasticity and Reduce Neck Lines, Double Chin Reducer, Anti Aging Moisturizer for Neck & Décolleté - Day & Night Skin Firming and Tightening Lotion, Korean Skin Care 1.7 FL OZ, avgSevenPs: 38, fbaQuantity: 155, days: 4.078947368421052 
total: 3145, page: 124, pagesize: 20, checked: 2480 
total: 3145, page: 125, pagesize: 20, checked: 2500 
marketId: 60, marketName: C786 (US , CA ):US, asin: B09BZX26PK, productName: Aroamas Professional Silicone Scar Sheets, Soften and Flattens Scars Resulting from Surgery, Injury, Burns, C-Section and More, Soft Silicone Scar Strips [3"x1.57", 8 Sheets for 4 Month Supply], avgSevenPs: 55, fbaQuantity: 314, days: 5.709090909090909 
total: 3145, page: 126, pagesize: 20, checked: 2520 
marketId: 124, marketName: C638:US, asin: B0BF7L45GS, productName: Toilet Bowl Gel Stamp, Toilet Bowl Fresh Flower Gel Stamp, Scent Freshener for Inside Toilet, Includes Dispenser and Gel, 70 Stamps, avgSevenPs: 33.1, fbaQuantity: 172, days: 5.196374622356495 
total: 3145, page: 127, pagesize: 20, checked: 2540 
total: 3145, page: 128, pagesize: 20, checked: 2560 
marketId: 101, marketName: C856:US, asin: B0BFC3JLSQ, productName: Stretch Mark Remover, Scar Cream for Surgical Scars, Scar Removal Cream for Old and New Scar, Treats Stretch Mark Scar from C-Section, avgSevenPs: 6.4, fbaQuantity: 38, days: 5.9375 
total: 3145, page: 129, pagesize: 20, checked: 2580 
marketId: 35, marketName: V43:US, asin: B0BFLYM19G, productName: Dark Spot Remover for Face and Body, Dark Spot Corrector Cream for Hyperpigmentation and Discoloration Correcting Body Treatment, Freckle and Blemish Remover Cream | Advanced Treatment for Melasma, Age Spots, Brown Spots, Freckles & Sun Spots, 1.7 Fl Oz, avgSevenPs: 8.1, fbaQuantity: 19, days: 2.345679012345679 
total: 3145, page: 130, pagesize: 20, checked: 2600 
marketId: 78, marketName: V53:US, asin: B0B44STXYX, productName: Varicose Veins Cream, Varicose Veins Treatment for Legs, Spider Vein Treatment for Legs, Natural Soothing Leg Varicose & Spider Veins Treatment Cream, Varicose Veins Cream for Pain Relief 2 Oz, avgSevenPs: 1.1, fbaQuantity: 8, days: 7.2727272727272725 
total: 3145, page: 131, pagesize: 20, checked: 2620 
total: 3145, page: 132, pagesize: 20, checked: 2640 
total: 3145, page: 133, pagesize: 20, checked: 2660 
marketId: 175, marketName: R21:US, asin: B0BFXLBXTD, productName: Dual Magnetic Eyelashes NO Eyeliner or Glue Needed, Magnets False Eyelashes, Soft 3D Fake Lashes Extension with Tweezers, Natural Look Eyelashes Set with 8 Pieces / 2 Pairs, avgSevenPs: 49, fbaQuantity: 146, days: 2.979591836734694 
total: 3145, page: 134, pagesize: 20, checked: 2680 
marketId: 52, marketName: B06:US, asin: B0B2KPMF7D, productName: Face and Forehead Wrinkle Patches,160 PCs Face Lift Tape Invisible Patch for Wrinkles, Facial Wrinkle Remover Strips, Skincare Pads to Smooth Eye, Mouth, Forehead, All in One Wrinkle Treatment Face Tape, avgSevenPs: 42.4, fbaQuantity: 269, days: 6.34433962264151 
marketId: 183, marketName: B24:US, asin: B0BF2KJKN8, productName: Rice Water For Hair Growth, All Natural Vegan Leave in Conditioner Spray Hair Care Products for Woman&Men, Biotin Infused Leave In Conditioner. Rice Water Hair Mist For Dry, Frizzy, Weak, Damaged Hair - Strengthen, Moisturize & Thicken Hair Naturally - 4oz, avgSevenPs: 15.1, fbaQuantity: 102, days: 6.754966887417218 
marketId: 121, marketName: V48:US, asin: B09ZKMGH8T, productName: Green Tea Mask Stick, Cleansing Clay, Purifying Clay Stick Mask, Face Moisturizer, Oil Control, Deep Clean Pore, for All Skin Types Men and Women(2 Pack), avgSevenPs: 173.9, fbaQuantity: 851, days: 4.8936170212765955 
total: 3145, page: 135, pagesize: 20, checked: 2700 
total: 3145, page: 136, pagesize: 20, checked: 2720 
total: 3145, page: 137, pagesize: 20, checked: 2740 
marketId: 81, marketName: C01 ca us:US, asin: B0B5VW3MLD, productName: Snore Stopper - Anti Snoring Devices - Anti Snoring Nose Clip - Stop Snoring Hale Breathing Aid - Silicone Magnetic Snore Stopper - Stop Snoring Immediately - Snoring Solution 4 Pcs, avgSevenPs: 43.9, fbaQuantity: 241, days: 5.4897494305239185 
total: 3145, page: 138, pagesize: 20, checked: 2760 
marketId: 145, marketName: YEF02:US, asin: B08LSR6SWG, productName: BellamiLuxx Butt Acne Clearing Lotion, Pure Plants Extracts for Reduce Acne and Pimples, Balance Skin Moisture/Sebum, Keep Buttocks Skin Delicate, and Smooth, avgSevenPs: 88.1, fbaQuantity: 788, days: 8.944381384790011 
marketId: 175, marketName: R21:US, asin: B0B3GL697B, productName: Dual Magnetic Eyelashes NO Eyeliner or Glue Needed, Magnets False Eyelashes, Soft 3D Fake Lashes Extension with Tweezers, Natural Look Eyelashes Set with 8 Pieces / 2 Pairs, avgSevenPs: 20.3, fbaQuantity: 37, days: 1.8226600985221675 
total: 3145, page: 139, pagesize: 20, checked: 2780 
marketId: 158, marketName: V63:US, asin: B0B69WKWFG, productName: Suptrust Back Brace for Men and Women, Lower Back Pain Relief with 6 Stays, Breathable Waist Lumbar Lower Back Support Belt with Dual Adjustable Straps(L/XL, Waist 90-125CM/35.4-49.2INCH), avgSevenPs: 36.9, fbaQuantity: 37, days: 1.0027100271002711 
total: 3145, page: 140, pagesize: 20, checked: 2800 
total: 3145, page: 141, pagesize: 20, checked: 2820 
total: 3145, page: 142, pagesize: 20, checked: 2840 
total: 3145, page: 143, pagesize: 20, checked: 2860 
total: 3145, page: 144, pagesize: 20, checked: 2880 
marketId: 161, marketName: NSH01:US, asin: B09RVDGQHS, productName: 2 Pcs Green Tea Mask Stick for Face, Blackhead Remover with Green Tea Extract, Green Mask Stick for Face Moisturizing, Dry Skin Face Moisturizer, Deep Pore Cleansing, Skin Brightening, Moisturizing Face mask, Removes Blackheads for All Skin Types, avgSevenPs: 239.7, fbaQuantity: 1193, days: 4.977054651647894 
total: 3145, page: 145, pagesize: 20, checked: 2900 
marketId: 229, marketName: M1/C453:US, asin: B0B5M53FHS, productName: Anti-Aging Rapid Reduction Eye Cream, Instant Wrinkle-Smoothing Serum, Smooth Appearance of Loose Sagging Skin, Puffiness, Fine Lines & Wrinkles Within 2 Minute 15ML 0.5 FL.OZ (15ML), avgSevenPs: 45.1, fbaQuantity: 44, days: 0.975609756097561 
marketId: 21, marketName: R11:US, asin: B0BDBTYK4L, productName: Magnetic Lashes Set, False Lashes 3 Pairs with Tweezers, avgSevenPs: 15, fbaQuantity: 89, days: 5.933333333333334 
total: 3145, page: 146, pagesize: 20, checked: 2920 
total: 3145, page: 147, pagesize: 20, checked: 2940 
marketId: 52, marketName: B06:US, asin: B0BCL3DQL5, productName: Caffeine Eye Serum, Caffeine Eye Cream for Dark Circles and Puffiness, Eye Serum Under Eye Treatment For Women& Men, Anti Aging Eye Cream for Wrinkles, Dark Eye Bags and Circle Remover Caffeine Eye Cream1oz, avgSevenPs: 33.1, fbaQuantity: 112, days: 3.3836858006042294 
marketId: 47, marketName: C810:US, asin: B0BDDZLW5P, productName: Luv Me Care Rice Water Hair Growth Shampoo With Biotin, Rice Water for Hair Growth- Hair Shampoo for Hair Growth for Thinning Hair and Hair Loss, All Hair Types, Men and Women 10 Fl Oz, avgSevenPs: 9, fbaQuantity: 36, days: 4 
total: 3145, page: 148, pagesize: 20, checked: 2960 
marketId: 133, marketName: H05:US, asin: B09Y3VPC99, productName: Rosetra Face Tape For Wrinkles, Set of 160 Pcs Facial Wrinkle Remover Strips, Forehead Wrinkle Patches, Anti Wrinkle Patches For Reducing Forehead Eye And Around Mouth & Upper Lip Wrinkles, All In One Forehead Wrinkles Treatment, avgSevenPs: 14.9, fbaQuantity: 39, days: 2.61744966442953 
marketId: 134, marketName: A35:US, asin: B0B9HNNS9R, productName: Wart Remover, Wart Remover Freeze Off, Wart Removal Treatment , Plantar Wart Remover, avgSevenPs: 4.3, fbaQuantity: 19, days: 4.4186046511627906 
total: 3145, page: 149, pagesize: 20, checked: 2980 
total: 3145, page: 150, pagesize: 20, checked: 3000 
total: 3145, page: 151, pagesize: 20, checked: 3020 
marketId: 59, marketName: C789:US, asin: B0BDDZLW5P, productName: Luv Me Care Rice Water Hair Growth Shampoo With Biotin, Rice Water for Hair Growth- Hair Shampoo for Hair Growth for Thinning Hair and Hair Loss, All Hair Types, Men and Women 10 Fl Oz, avgSevenPs: 32.1, fbaQuantity: 13, days: 0.40498442367601245 
marketId: 97, marketName: V58:US, asin: B0B8B36BCD, productName: Teeth Whitening Strip, 28 Whitening Strips, No Sensitivity White Strips, Enamel Safe Teeth Whitening Strips, No Slip White Strips for Teeth Whitening, Teeth Whitening Sensitive Teeth, 14 Treatments, avgSevenPs: 44.3, fbaQuantity: 26, days: 0.5869074492099323 
total: 3146, page: 152, pagesize: 20, checked: 3040 
total: 3146, page: 153, pagesize: 20, checked: 3060 
total: 3146, page: 154, pagesize: 20, checked: 3080 
total: 3146, page: 155, pagesize: 20, checked: 3100 
total: 3146, page: 156, pagesize: 20, checked: 3120 
marketId: 235, marketName: V75:US, asin: B0B8F27R5H, productName: Yjkoo Abs Muscle, Muscle Toner, Portable Muscle Trainer, Intelligent Wireless Fitness Apparatus, Fitness Trainer for Men and Woman, avgSevenPs: 14, fbaQuantity: 8, days: 0.5714285714285714 
total: 3146, page: 157, pagesize: 20, checked: 3140 
total: 3146, page: 158, pagesize: 20, checked: 3160 
total: 3146, page: 159, pagesize: 20, checked: 3180 
total: 3146, page: 160, pagesize: 20, checked: 3200 
total: 3146, page: 161, pagesize: 20, checked: 3220 
total: 3146, page: 162, pagesize: 20, checked: 3240 
total: 3146, page: 163, pagesize: 20, checked: 3260 
total: 3146, page: 164, pagesize: 20, checked: 3280 
total: 3146, page: 165, pagesize: 20, checked: 3300 
total: 3146, page: 166, pagesize: 20, checked: 3320 
total: 3146, page: 167, pagesize: 20, checked: 3340 
total: 3146, page: 168, pagesize: 20, checked: 3360 
total: 3146, page: 169, pagesize: 20, checked: 3380 
total: 3146, page: 170, pagesize: 20, checked: 3400 
total: 3146, page: 171, pagesize: 20, checked: 3420 
total: 3146, page: 172, pagesize: 20, checked: 3440 
total: 3146, page: 173, pagesize: 20, checked: 3460 
total: 3146, page: 174, pagesize: 20, checked: 3480 
total: 3146, page: 175, pagesize: 20, checked: 3500 
total: 3146, page: 176, pagesize: 20, checked: 3520 
total: 3146, page: 177, pagesize: 20, checked: 3540 
total: 3146, page: 178, pagesize: 20, checked: 3560 
total: 3146, page: 179, pagesize: 20, checked: 3580 
total: 3146, page: 180, pagesize: 20, checked: 3600 
total: 3146, page: 181, pagesize: 20, checked: 3620 
total: 3146, page: 182, pagesize: 20, checked: 3640 
total: 3146, page: 183, pagesize: 20, checked: 3660 
total: 3146, page: 184, pagesize: 20, checked: 3680 
total: 3146, page: 185, pagesize: 20, checked: 3700 
total: 3146, page: 186, pagesize: 20, checked: 3720 
total: 3146, page: 187, pagesize: 20, checked: 3740 
total: 3146, page: 188, pagesize: 20, checked: 3760 
total: 3146, page: 189, pagesize: 20, checked: 3780 
total: 3146, page: 190, pagesize: 20, checked: 3800 
total: 3146, page: 191, pagesize: 20, checked: 3820 
total: 3146, page: 192, pagesize: 20, checked: 3840 
total: 3146, page: 193, pagesize: 20, checked: 3860 
total: 3146, page: 194, pagesize: 20, checked: 3880 
total: 3146, page: 195, pagesize: 20, checked: 3900 
total: 3146, page: 196, pagesize: 20, checked: 3920 
total: 3146, page: 197, pagesize: 20, checked: 3940 
total: 3146, page: 198, pagesize: 20, checked: 3960 
total: 3146, page: 199, pagesize: 20, checked: 3980 
total: 22, page: 2, pagesize: 20, checked: 40 
total: 22, page: 2, pagesize: 20, checked: 40 
marketId: 8, marketName: F18:US, asin: B08M2HRV2W, productName: AYASAL Eyelash Perm Kit, Long-Lasting Curl, Home & Professional Use, Lash Lift Kit & Safe Perming Wave, Semi-Permanent Curling, Professional Quality., avgSevenPs: 283.6, fbaQuantity: 1595, days: 5.624118476727785 
total: 22, page: 1, pagesize: 20, checked: 20 
total: 22, page: 3, pagesize: 20, checked: 60 
total: 22, page: 4, pagesize: 20, checked: 80 
total: 22, page: 5, pagesize: 20, checked: 100 
total: 22, page: 6, pagesize: 20, checked: 120 
total: 22, page: 2, pagesize: 20, checked: 40 
marketId: 8, marketName: F18:US, asin: B08M2HRV2W, productName: AYASAL Eyelash Perm Kit, Long-Lasting Curl, Home & Professional Use, Lash Lift Kit & Safe Perming Wave, Semi-Permanent Curling, Professional Quality., avgSevenPs: 283.6, fbaQuantity: 1595, days: 5.624118476727785 
total: 22, page: 1, pagesize: 20, checked: 20 
total: 22, page: 7, pagesize: 20, checked: 140 
total: 22, page: 3, pagesize: 20, checked: 60 
total: 22, page: 8, pagesize: 20, checked: 160 
total: 22, page: 4, pagesize: 20, checked: 80 
total: 22, page: 9, pagesize: 20, checked: 180 
total: 22, page: 5, pagesize: 20, checked: 100 
total: 22, page: 10, pagesize: 20, checked: 200 
total: 22, page: 6, pagesize: 20, checked: 120 
total: 22, page: 11, pagesize: 20, checked: 220 
total: 22, page: 7, pagesize: 20, checked: 140 
total: 22, page: 12, pagesize: 20, checked: 240 
total: 22, page: 8, pagesize: 20, checked: 160 
total: 22, page: 13, pagesize: 20, checked: 260 
total: 22, page: 9, pagesize: 20, checked: 180 
total: 22, page: 14, pagesize: 20, checked: 280 
total: 22, page: 10, pagesize: 20, checked: 200 
total: 22, page: 15, pagesize: 20, checked: 300 
total: 22, page: 11, pagesize: 20, checked: 220 
total: 22, page: 16, pagesize: 20, checked: 320 
total: 22, page: 12, pagesize: 20, checked: 240 
total: 22, page: 17, pagesize: 20, checked: 340 
total: 22, page: 13, pagesize: 20, checked: 260 
total: 22, page: 18, pagesize: 20, checked: 360 
total: 22, page: 14, pagesize: 20, checked: 280 
total: 22, page: 19, pagesize: 20, checked: 380 
total: 22, page: 15, pagesize: 20, checked: 300 
total: 22, page: 20, pagesize: 20, checked: 400 
total: 22, page: 16, pagesize: 20, checked: 320 
total: 22, page: 21, pagesize: 20, checked: 420 
total: 22, page: 17, pagesize: 20, checked: 340 
total: 22, page: 22, pagesize: 20, checked: 440 
total: undefined, page: undefined, pagesize: undefined, checked: NaN 
total: undefined, page: undefined, pagesize: undefined, checked: NaN 
total: 0, page: 1, pagesize: 1000, checked: 1000 
total: 0, page: 1, pagesize: 1000, checked: 1000 
total: 0, page: 1, pagesize: 1000, checked: 1000 
total: 0, page: 1, pagesize: 1000, checked: 1000 
